<?xml version="1.0" encoding="UTF-8"?><rss version="2.0"><channel><title>Structo Builders</title><description>Welcome to my website!</description><link>https://example.com/</link><item><title>Using MDX</title><link>https://example.com/blog/using-mdx/</link><guid isPermaLink="true">https://example.com/blog/using-mdx/</guid><description>Lorem ipsum dolor sit amet</description><pubDate>Fri, 31 May 2024 18:30:00 GMT</pubDate></item><item><title>First post</title><link>https://example.com/blog/first-post/</link><guid isPermaLink="true">https://example.com/blog/first-post/</guid><description>Lorem ipsum dolor sit amet</description><pubDate>Thu, 07 Jul 2022 18:30:00 GMT</pubDate></item><item><title>Third post</title><link>https://example.com/blog/third-post/</link><guid isPermaLink="true">https://example.com/blog/third-post/</guid><description>Lorem ipsum dolor sit amet</description><pubDate>Thu, 21 Jul 2022 18:30:00 GMT</pubDate></item><item><title>Second post</title><link>https://example.com/blog/second-post/</link><guid isPermaLink="true">https://example.com/blog/second-post/</guid><description>Lorem ipsum dolor sit amet</description><pubDate>Thu, 14 Jul 2022 18:30:00 GMT</pubDate></item><item><title>Breaking Ground: Our New Commercial Project in Downtown</title><link>https://example.com/blog/forth-post/</link><guid isPermaLink="true">https://example.com/blog/forth-post/</guid><description>We’ve started construction on a new state-of-the-art office building in the heart of downtown.</description><pubDate>Wed, 02 Jul 2025 18:30:00 GMT</pubDate></item><item><title>Markdown Style Guide</title><link>https://example.com/blog/markdown-style-guide/</link><guid isPermaLink="true">https://example.com/blog/markdown-style-guide/</guid><description>Here is a sample of some basic Markdown syntax that can be used when writing Markdown content in Astro.</description><pubDate>Tue, 18 Jun 2024 18:30:00 GMT</pubDate></item></channel></rss>